-4cu48k5,38
01o_xpag,12
0an0u1h0,37
16xmyrwa,17
26zl_9n0,35
30ne6jm4,34
3sxae7_b,36
4byja2r2,12
5wfscfu2,17
939e7-65,12
9anwjgqy,38
_9t3wa7r,18
_hotxr73,38
_ljgupdm,12
_qvux50y,13
az13y1_o,17
brk7p9x4,36
dc53zha0,33
eif14fo-,33
eo4w_rak,17
exlmf2t9,33
f6e50310,38
ft2lug16,12
ggas5xs0,12
gwnjsq7x,34
gx25avre,13
k4zjtbyr,12
m_sw64fk,13
mhn3o6rb,18
mx45730i,38
n6jeit56,35
n7f7ejk-,35
nzux3z6q,18
op0hz9jh,35
p0dpgwaz,12
qrd-tmcr,33
r450vey6,13
r6t2qc5_,36
rdjsrs4f,13
t0v7csw0,12
u3v648ro,17
wk58wge5,12
wo284hlc,12
x2thjbdi,12
y_66lgph,38
yzmahe6j,38
zux4dc_5,13
zyrof3mj,12
